[    {"pk": 1, "model": "auth.user", "fields": {        "username": "admin",        "first_name": "",        "last_name": "",        "is_active": true,        "is_superuser": true,        "is_staff": true,        "last_login": "2014-08-20T14:33:40.698Z",        "groups": [],        "user_permissions": [],        "password": "pbkdf2_sha256$12000$IEhIF8id5dni$jgXjNNgWQJcBslD2edQNF2FLxvC2/OVEwXt1Ek49/sQ=",        "email": "kostia.lopuhin@gmail.com",        "date_joined": "2014-08-20T14:33:40.698Z"}    },    {        "pk": 1,        "model": "survey.image",        "fields": {            "name": "all"        }    },    {        "pk": 2,        "model": "survey.image",        "fields": {            "name": "false"        }    },    {        "pk": 3,        "model": "survey.image",        "fields": {            "name": "literal"        }    },    {        "pk": 4,        "model": "survey.image",        "fields": {            "name": "local"        }    },    {        "pk": 1,        "model": "survey.description",        "fields": {            "text": "Ровно одна буква соединена с частью кружочков вокруг нее"        }    },    {        "pk": 2,        "model": "survey.description",        "fields": {            "text": "Ровно одна буква соединена с какими-то кружочками вокруг нее"        }    },    {        "pk": 3,        "model": "survey.description",        "fields": {            "text": "Ровно одна буква соединена с несколькими кружочками вокруг нее"        }    },    {        "pk": 4,        "model": "survey.description",        "fields": {            "text": "Ровно одна буква соединена с некоторыми кружочками вокруг нее"        }    },    {        "pk": 5,        "model": "survey.description",        "fields": {            "text": "Все буквы соединены со всеми кружочками вокруг"        }    },    {        "pk": 6,        "model": "survey.description",        "fields": {            "text": "Ни одна из букв не соединена ни с одним кружочком"        }    },    {        "pk": 7,        "model": "survey.description",        "fields": {            "text": "Ровно одна буква соединена со всеми кружочками вокруг нее"        }    },    {        "pk": 8,        "model": "survey.description",        "fields": {            "text": "Ровно одна буква не соединена ни с одним кружочком вокруг нее"        }    },    {        "pk": 9,        "model": "survey.description",        "fields": {            "text": "Всего две буквы соединены каждая с тремя кружочками вокруг них"        }    },    {        "pk": 10,        "model": "survey.description",        "fields": {            "text": "Две буквы не соединены ни с одним из кружочков"        }    },    {        "pk": 11,        "model": "survey.description",        "fields": {            "text": "Каждая из букв соединена ровно с одним кружочком"        }    },    {        "pk": 12,        "model": "survey.description",        "fields": {            "text": "Ни одна из букв не соединена со всеми кружочками вокруг нее"        }    },    {        "pk": 1,        "model": "survey.filler",        "fields": {            "answer": false,            "image": 1,            "description": 5        }    },    {        "pk": 2,        "model": "survey.filler",        "fields": {            "answer": false,            "image": 4,            "description": 6        }    },    {        "pk": 3,        "model": "survey.filler",        "fields": {            "answer": true,            "image": 3,            "description": 7        }    },    {        "pk": 4,        "model": "survey.filler",        "fields": {            "answer": false,            "image": 4,            "description": 8        }    },    {        "pk": 5,        "model": "survey.filler",        "fields": {            "answer": true,            "image": 2,            "description": 9        }    },    {        "pk": 6,        "model": "survey.filler",        "fields": {            "answer": true,            "image": 3,            "description": 10        }    },    {        "pk": 7,        "model": "survey.filler",        "fields": {            "answer": false,            "image": 1,            "description": 11        }    },    {        "pk": 8,        "model": "survey.filler",        "fields": {            "answer": true,            "image": 2,            "description": 12        }    },    {        "pk": 1,        "model": "survey.itemset",        "fields": {}    },    {        "pk": 2,        "model": "survey.itemset",        "fields": {}    },    {        "pk": 3,        "model": "survey.itemset",        "fields": {}    },    {        "pk": 4,        "model": "survey.itemset",        "fields": {}    },    {        "pk": 1,        "model": "survey.item",        "fields": {            "item_set": 1,            "image": 1,            "description": 1        }    },    {        "pk": 2,        "model": "survey.item",        "fields": {            "item_set": 1,            "image": 3,            "description": 2        }    },    {        "pk": 3,        "model": "survey.item",        "fields": {            "item_set": 1,            "image": 4,            "description": 3        }    },    {        "pk": 4,        "model": "survey.item",        "fields": {            "item_set": 1,            "image": 2,            "description": 4        }    },    {        "pk": 5,        "model": "survey.item",        "fields": {            "item_set": 2,            "image": 1,            "description": 1        }    },    {        "pk": 6,        "model": "survey.item",        "fields": {            "item_set": 2,            "image": 2,            "description": 2        }    },    {        "pk": 7,        "model": "survey.item",        "fields": {            "item_set": 2,            "image": 4,            "description": 3        }    },    {        "pk": 8,        "model": "survey.item",        "fields": {            "item_set": 2,            "image": 3,            "description": 4        }    },    {        "pk": 9,        "model": "survey.item",        "fields": {            "item_set": 3,            "image": 3,            "description": 1        }    },    {        "pk": 10,        "model": "survey.item",        "fields": {            "item_set": 3,            "image": 1,            "description": 2        }    },    {        "pk": 11,        "model": "survey.item",        "fields": {            "item_set": 3,            "image": 2,            "description": 3        }    },    {        "pk": 12,        "model": "survey.item",        "fields": {            "item_set": 3,            "image": 4,            "description": 4        }    },    {        "pk": 13,        "model": "survey.item",        "fields": {            "item_set": 4,            "image": 4,            "description": 1        }    },    {        "pk": 14,        "model": "survey.item",        "fields": {            "item_set": 4,            "image": 3,            "description": 2        }    },    {        "pk": 15,        "model": "survey.item",        "fields": {            "item_set": 4,            "image": 1,            "description": 3        }    },    {        "pk": 16,        "model": "survey.item",        "fields": {            "item_set": 4,            "image": 2,            "description": 4        }    }]